order_id,user_id,variant,revenue,session_duration
1,25795,B,68.96832808140513,116.26146611429611
2,10860,A,46.90149247353006,84.82225173441772
3,86820,A,39.33692104383138,119.59584535004527
4,64886,A,39.963183783310356,131.71568692695004
5,16265,A,51.11309320700233,127.65820162240689
6,92386,A,46.55896095904472,151.37690146487608
7,47194,A,64.25754132923937,76.55830883877931
8,97498,B,50.35536257546056,94.71772229955175
9,54131,B,63.082527159172365,139.19361995386612
10,70263,B,55.06612673737695,98.24193066116786
11,26023,B,59.545040360956065,127.21413747990621
12,51090,A,46.54915346605426,47.407642577647124
13,77221,A,60.61573311874431,201.47839716938648
14,74820,B,66.33810120435115,111.90844405327991
15,10769,A,56.898935387332166,155.81868779964833
16,69735,B,64.61271490724256,109.89306523249526
17,72955,B,41.334468336854215,132.4409558619266
18,74925,B,60.34868644363469,164.75758939035816
19,77969,A,68.738026512313,154.97418057625157
20,15311,B,62.87106850529246,113.86635060944326
21,93104,B,40.03923745797715,115.94237023818923
22,63707,B,54.75350235526373,150.10699680549857
23,95305,A,55.62466907509563,189.99733212855904
24,38693,A,38.63900724652537,125.76848023197124
25,81932,B,35.12593204914971,178.71190921624924
26,35658,A,45.258531973452094,112.75756768739382
27,94478,A,38.88751388048446,148.55881090529405
28,28431,A,49.785664529150466,153.03467286741858
29,12747,A,26.128930287555676,107.70118488441679
30,69150,A,58.47051593804234,97.58765762095075
31,75725,A,40.480924470599646,154.36167565642057
32,94654,A,64.93628355022034,104.0532918827083
33,45773,A,45.84651740305433,93.16950261973791
34,77435,A,49.61916430423269,99.4812149460271
35,66886,A,47.40447681954623,103.93159984723765
36,76803,B,45.177604648495915,145.69851313877032
37,41551,B,92.5841919340899,135.45128019828564
38,21394,A,42.56200732989073,141.46974734273672
39,79092,B,70.8528228369849,132.64139433294247
40,13890,B,39.09556580904908,102.18479513260084
41,51606,A,55.58197086639741,140.91308567724818
42,90038,A,57.18308245897754,155.47361479815913
43,97313,A,49.637345343528054,137.53509648357928
44,20627,B,46.934929205406405,133.4896771987755
45,18792,B,51.550171460790544,96.9883648028797
46,83969,A,43.95065747040319,126.35451236923434
47,53001,A,86.03039422753184,95.39276011653895
48,86552,A,49.660953658327706,119.27916425758188
49,33897,B,63.37333167995926,70.79200082324053
50,78148,B,82.2243763563805,71.0232479102372
51,33483,B,42.35521998038728,114.26856930158911
52,58555,B,56.06490349751907,103.54680984519031
53,27159,A,45.962208024779166,123.20361580422521
54,90077,A,48.70792331774954,115.95694262654644
55,45920,A,47.31482049323772,120.90572361630466
56,77121,A,39.021843715546744,138.25822327070222
57,79479,B,58.43115427494949,106.10193133017503
58,99475,B,39.56050833875848,113.4166856506541
59,29457,A,64.83324105963527,163.6506366828949
60,76557,A,59.34964709981906,120.09252380475081
61,87189,B,48.09805775453976,114.62368576123833
62,88953,A,43.32525017939211,122.47538097969569
63,62995,B,59.632658435223796,115.15906880971409
64,50757,A,38.021820265907266,98.71283121140326
65,19692,A,77.17970186202308,90.05910488460839
66,55758,A,55.36888593037653,97.09705979549986
67,82409,A,55.898947270755166,146.1875756031236
68,81211,A,60.22167620535929,101.10284235844763
69,75697,A,41.30805088894895,115.3522619449117
70,47065,A,66.3351497267716,141.02208855398692
71,42606,B,57.21800049323196,111.64826487567065
72,21534,B,69.75218206498248,139.00083944530957
73,50397,B,52.53070310147504,73.77620872707399
74,11016,B,75.25917340096778,116.0244996137431
75,99789,B,61.52015440537185,122.36688289795526
76,65591,A,82.73760536265631,120.69416169294503
77,99812,A,44.457175747666554,70.41243906483348
78,33247,B,58.56824094136118,156.09337939292413
79,34300,A,34.52635629694763,94.3598116508575
80,84065,B,47.560526436806704,130.05111375787402
81,92798,B,64.78029821771858,120.23892847941991
82,19268,A,66.93986656309251,150.11128571432033
83,96807,A,94.47515527581083,185.62466488122618
84,22185,A,48.55056640065169,81.28906546371492
85,73704,B,41.501798885316035,100.53258356182504
86,96779,A,61.29988640565862,125.67277481517156
87,49099,B,38.582591692480406,86.83940047341625
88,18571,B,63.96416082040105,143.4654782386728
89,48044,B,47.966164257088145,145.30117866471176
90,61214,A,53.1739245557059,136.7834722798511
91,71228,A,66.36569153247001,127.09745252628592
92,58984,B,53.83899856378956,161.09126333909342
93,50774,A,63.99318626492932,85.33123554993415
94,12568,A,63.09737822928723,121.9580458602766
95,72592,A,22.03502707536358,97.83591393809334
96,77563,B,41.975988809466415,146.69748997695507
97,12695,B,32.07289707906793,64.99976506480701
98,58190,A,80.02605653795203,119.1574840322106
99,15258,B,53.9191211184401,130.05716061209844
100,97538,A,76.71243819449964,91.57523595078676
101,49504,A,25.505715791870248,101.214299033353
102,43159,A,41.40847363177211,120.46136944116317
103,23986,A,62.007473626489585,148.65289138324428
104,71858,B,58.18911906640026,89.01392314238839
105,22666,B,63.49289839220188,94.24650178875942
106,48660,B,36.692876493101146,153.76763313121032
107,13561,A,70.65205239318394,111.81073800240495
108,36854,A,61.65524143635933,96.67382880465067
109,74505,A,56.0243825823721,141.86054391650748
110,62251,B,45.215845783772885,105.35409008303259
111,32662,A,54.85700191408918,150.8226460601632
112,18392,B,51.12765031509765,100.08838869060864
113,40535,B,30.74263184943357,115.21216314525012
114,88603,B,54.74365722417768,148.34914996166196
115,62256,B,53.14904402666211,113.21217386478746
116,99135,B,71.4360226481268,142.6815996623594
117,45222,B,21.98360336528696,118.03357179656986
118,87373,A,53.52799743282051,179.4507541920009
119,89575,A,32.66647927841424,167.06335812308546
120,94651,B,60.288350132933196,80.15711212698756
121,73335,B,61.11420083365959,135.6673104374403
122,20965,A,48.697328343047126,95.50788041696875
123,34538,B,67.60939687216626,125.74520816378192
124,80592,B,36.813509113504516,122.05111887930784
125,18110,A,66.6158067542255,88.33838948722537
126,89309,B,44.878817007087875,151.75453630590974
127,37266,B,32.16152024265156,126.09908830707225
128,62992,B,51.414060442502866,111.45950892982249
129,92948,A,18.57263715980022,106.85670527269215
130,16910,A,53.81260838369303,124.19330909298706
131,10206,A,46.111243361296616,132.23775052542857
132,97054,B,74.00530382064053,116.25072640925202
133,97897,B,65.23386315760493,35.02441287671374
134,33419,A,29.12005494217985,120.5067214872745
135,60636,B,42.924187633231725,76.75553815170667
136,60015,B,63.30996630801314,113.71642303052774
137,64268,B,68.20618514977552,77.86307228791074
138,97939,B,73.8375137233032,77.50507094761598
139,28141,B,73.71763927958023,157.05365465845586
140,90356,A,48.657160846281414,110.39724057166829
141,81910,B,60.939834333767536,108.10013520534247
142,66044,A,69.48107755915694,134.47572146485774
143,77214,B,50.95037307096077,108.88228430782644
144,43827,A,55.69589280410185,183.1141827638223
145,65820,B,50.59678830480522,111.80940717821942
146,72623,A,41.73577828301859,130.95376235949033
147,91734,B,56.22577677428705,149.12823994130582
148,85450,A,39.68684822990613,168.0675967682073
149,32299,B,53.536260408453764,97.7398159302708
150,53585,A,34.47567703201801,107.46109488484066
151,74044,B,52.65008419226431,158.23775625880546
152,52557,A,56.72585440423792,144.30186912158075
153,59080,A,41.16854695689806,152.25527807005375
154,12693,B,55.63937628796369,78.93886369320995
155,79163,B,57.59013890431896,166.43999261772058
156,35939,A,56.78802337732002,97.15777370145585
157,58925,B,53.49630238042176,125.76878934425687
158,52941,A,66.28799512801709,115.55331367224689
159,31834,A,18.48621707822123,93.6455149035579
160,28047,A,94.0662927075166,77.62392709736991
161,36105,B,42.43299353943725,67.68455650101306
162,85766,A,56.050850350311165,123.57055218161923
163,25707,A,35.922981346912266,74.24042729299633
164,31976,B,65.16402239263952,85.98553214739351
165,54262,B,59.64853728892392,113.45892365405341
166,33776,B,45.73929693982366,40.835744992203004
167,40080,B,71.59631018115469,143.36939136132003
168,76842,A,47.54058680597118,47.70335498679576
169,71373,A,58.20823907085506,117.67882826001681
170,16776,A,36.24260292205946,120.45057679782867
171,65016,A,49.5366854664263,136.14185160545426
172,19474,B,85.55110900773157,118.74957592830319
173,68053,A,64.44448293671195,180.53723891499715
174,31959,A,54.61431133176578,126.48950644705502
175,15530,B,48.76618758585306,151.60837197730982
176,13748,A,51.01247803812513,98.29611573389136
177,23545,A,52.96348985258573,123.62270418568403
178,76199,A,56.73842652379618,166.42710285086778
179,44766,A,33.85009237733502,112.86914625931078
180,83530,A,60.02611941413548,125.76704292585693
181,71087,A,33.65610352558021,149.42560347412424
182,78840,B,79.96688778422808,97.73311439425096
183,64384,B,43.92557516374683,55.1531900004242
184,61005,A,54.44942479514263,127.66720961137106
185,56576,A,65.07713859917027,149.66007508074009
186,49353,B,51.71429934803326,79.45662705324085
187,72003,A,55.109000286497874,140.10659691832015
188,93211,A,71.52772323785078,140.30899162018613
189,62733,A,58.46604481839899,51.79511222654088
190,75318,B,60.83325944511529,91.91134102779682
191,99474,A,24.72821907769307,108.12513657805013
192,33664,B,41.49416620889666,114.61127999294288
193,77172,A,65.70380191475019,97.70597205696049
194,95616,B,64.04925458012073,96.08991589253455
195,36736,B,66.32199410677612,170.14448673546278
196,10854,A,59.530953983223455,116.77322604423274
197,48623,B,74.84634792563061,99.14869019550781
198,17392,A,46.07900112567316,118.7649156926235
199,65680,B,57.30749938183951,136.1127249918343
200,56717,A,34.56988500306374,121.54879130133624
201,97092,A,30.829661248454357,113.8281722751608
202,60859,B,30.843889266179136,100.4994999398864
203,36309,A,36.72254751500228,100.13607463597202
204,97455,A,73.28842723234463,102.06574840543922
205,73734,B,32.209093982759434,130.1644380243221
206,80467,A,45.446960216342035,90.17459722794638
207,62662,A,30.602820145307632,131.79807670410665
208,22688,B,46.48539055494958,162.3898426688049
209,35342,B,58.04540688528029,129.771220734396
210,47157,A,39.49826190192488,108.91243413248588
211,77863,A,66.34497297524692,81.05619344836109
212,62083,B,78.5096718127435,167.34320423734542
213,75733,B,21.763564079160915,84.89947048203263
214,99045,A,39.75511504473316,145.45686103427244
215,44698,B,56.38713183408634,139.15553581783456
216,90623,A,66.89175539023071,112.89694191107822
217,32671,A,43.186335872701065,112.11063588657966
218,35184,A,49.70096907131285,64.92866177876938
219,52107,A,32.64883662422077,129.90195002437864
220,96202,A,27.00806221606482,138.59778997187414
221,61663,B,77.180770343744,87.32759651556586
222,25708,B,28.13895189160595,115.32535577012692
223,59811,B,90.42928512632349,121.1358574502685
224,12811,B,66.37727099072612,137.53717883848705
225,66250,A,60.19959613275134,120.11409228369563
226,82082,A,58.63203001241645,71.21041938115248
227,44754,A,46.20971467998554,104.10186691612532
228,21411,A,55.88126794551304,126.73877356167058
229,12911,B,52.66654968323287,145.24585026119277
230,77270,A,58.29609914660719,101.4709017181726
231,93763,A,49.49470209636926,185.6294962365006
232,18680,B,41.24477725347398,63.16580793489106
233,94896,B,42.44141075607366,103.08899474826296
234,93879,B,40.73591437061245,117.50899189521681
235,81295,B,70.06351097901464,113.97752509341407
236,98614,A,40.738300813113526,83.03573010555502
237,21111,A,21.318452583727098,133.43585243255382
238,47504,B,61.45257998773208,131.13282153941765
239,11802,A,72.71776343884372,121.4388433794464
240,18155,A,61.5962478376629,129.95531589775547
241,83656,A,40.95014652167431,107.28670765655907
242,49384,B,31.697824266073663,71.47911149674297
243,57254,A,47.985978449637344,98.50080389843265
244,31918,B,53.111641828549345,124.71163744228323
245,95981,A,35.46200584529351,124.88233244539188
246,70713,A,58.26555953363806,121.24137157757544
247,40306,A,77.6993975124571,136.46124803955095
248,26646,B,58.83424076187426,102.56561863649951
249,56843,A,52.40714310498269,120.80043171331607
250,26371,B,41.441579267492656,137.16278335214764
251,87371,B,76.46122054590558,117.4533054449294
252,12049,B,54.37283749784975,82.70028214781703
253,41616,A,41.31555117208744,91.15534891033387
254,30932,A,50.95532590477424,144.925569728381
255,39855,A,57.07941999869914,161.7741648882772
256,71434,A,52.088231129673545,155.25849323472147
257,82694,B,73.59230093505887,126.96467849226106
258,53016,B,61.25957328820294,83.90602193949923
259,17400,B,51.24087283676198,119.80945329681394
260,52642,A,56.01788324490335,166.86765395851265
261,25151,B,62.99455651688936,138.55465141369427
262,61407,A,30.55436121104237,113.77567431948383
263,76690,B,72.74129592395572,138.85875698523648
264,14499,A,45.486439709579614,81.91814380153187
265,16295,A,45.87015164741855,99.12985866455394
266,69040,B,66.77063980613919,87.47425826933025
267,22183,B,66.70747836389373,134.087154550453
268,39299,B,44.98752481700872,141.42310499160277
269,22874,B,67.5435242721853,115.385219184049
270,42711,A,41.59327772765714,93.81210969781301
271,15539,B,82.79359570047984,119.40752719396119
272,63351,B,43.07709028101355,105.40260327978578
273,71267,B,59.09216192558845,96.11487885918766
274,58354,A,38.26973544638589,130.16981055927738
275,12557,A,83.34043443702612,97.26023332443978
276,48360,B,36.93268583869326,73.00950801107723
277,92018,A,57.865441208793655,79.6765658891044
278,12200,B,44.476343782833005,71.9021859955215
279,78497,A,44.688385378280195,127.42535749728613
280,56975,A,56.80306750617764,124.51216314528492
281,31357,A,68.36876656439215,123.01560283524486
282,87505,A,74.35094843448569,137.63194957439828
283,12869,B,32.44578059960519,155.7587656835135
284,71135,B,59.516268365466935,102.23200407524655
285,60108,B,77.39240405075282,132.19432431715254
286,48467,A,24.720335918570893,72.61153477782369
287,33328,B,60.21575241082271,161.3612923879005
288,96831,B,55.46874303869724,82.65506285345529
289,13987,B,61.718127215696825,98.69756642878687
290,68871,A,38.41543962010287,102.06871458800723
291,32399,A,28.465717576798397,74.21187009833363
292,56214,A,21.303403622314622,120.97726732225685
293,96416,B,70.14575930193155,126.41711604604446
294,80271,B,72.06073704725031,114.3175898705535
295,54064,B,60.040280234939786,73.7925710390677
296,80091,A,41.98777475467855,179.50158704555133
297,50818,A,25.65431159801382,136.47692389504942
298,55525,B,63.95018193757536,199.02666130949876
299,29830,A,33.488310757449725,95.84672280341123
300,27429,A,39.330520628591934,148.73646684530928
301,16893,A,41.20153880655922,143.3782166218249
302,89909,A,47.03697161454548,111.28274690707913
303,57333,B,44.11439329187027,162.33152703177672
304,13436,A,50.50188156488454,107.83769977158664
305,84290,A,40.672725492404126,109.1732574172618
306,86213,A,60.52059597258834,15.85710324184852
307,15895,A,65.4659437098208,132.27084161227913
308,29738,B,57.128140140426574,80.2347026495278
309,40746,B,62.43939503071654,103.47836412913466
310,59377,A,81.76783924438834,89.21341083764918
311,58404,A,32.410951147080254,109.01305382045216
312,64045,A,31.497978480798416,133.31640690652307
313,49790,A,60.42496851165312,120.33424689146273
314,15600,A,79.19814256272149,141.2892387151742
315,50764,A,46.09252157091916,157.96888606756895
316,84543,B,81.4025076332814,108.93612189966494
317,55714,A,51.446505781902346,105.64298273951658
318,66835,B,45.286690769413774,148.73182960986028
319,83744,B,40.63961417043445,151.11141866219788
320,66491,A,59.441203773301815,142.2177260430914
321,28589,B,41.77561398325955,91.43463579781951
322,53484,B,56.71915264150542,132.67965196504812
323,92989,B,79.25197538076141,123.28411812141867
324,46212,B,50.89829410692944,151.5758682404899
325,53525,B,75.21014211965849,102.81383731386754
326,57202,B,37.2818476541039,70.00169126550252
327,42635,A,41.991363480248,140.70710401140818
328,73208,B,34.39283960677625,43.248948502286936
329,43828,B,56.594951339600364,98.05459788311009
330,28711,B,67.20117269574874,89.30413466045117
331,13420,A,51.127806314092794,89.10195987282759
332,10301,B,73.90575089955227,97.52905587134714
333,55236,A,38.76231139056305,156.5212070925489
334,76235,B,58.88014130533601,144.61666257019118
335,64240,A,42.08796014579215,112.44807954022485
336,75726,A,55.42514878135483,154.00870415577148
337,20492,B,63.05604069318639,88.13108534500878
338,16102,B,64.23593939976094,84.05149842758524
339,60336,A,33.94108492646597,145.90789977739772
340,95314,B,42.153808473201465,137.38929687967942
341,36641,A,39.43568437713216,106.1920979525003
342,44584,A,46.41678878200104,85.93617318905609
343,42745,A,51.307796063096454,163.7919562511382
344,33093,A,60.62133682785014,68.39692347156546
345,76105,A,37.278519509911526,102.04722193969319
346,61885,B,31.484710534473717,126.85729582553692
347,46631,A,82.33614744810185,174.06494425294338
348,82991,A,33.02820469021355,131.4930063621966
349,14014,B,68.04485584493327,134.40913959039895
350,21093,A,50.46900315873012,102.91848899555617
351,28070,B,59.269584612095706,137.05440675823795
352,45777,B,55.47674241246146,123.15927962637261
353,66958,B,49.72737177079311,72.34606378747326
354,92074,A,56.959584243851886,143.7880456047932
355,20729,A,43.421191906140564,149.11180169540555
356,55017,A,67.49454120855185,144.10095146463487
357,76320,B,64.02661509384231,120.99983776997406
358,37751,A,58.99391169922241,91.31469350551058
359,88069,B,47.89315409915115,50.72448806145404
360,64748,A,46.454678943665066,124.71160816204352
361,15801,B,37.681307870369025,152.45826179222547
362,29190,A,44.70475914911657,149.86597407249243
363,59689,A,34.45136125465554,144.48218530181543
364,60993,A,69.69602773383073,117.77367064351827
365,39592,B,56.258037233910095,152.6239252209449
366,20647,B,58.057458525606464,147.72485471567708
367,18716,A,46.62280208974968,107.32099317835326
368,98891,A,52.96368383077112,140.2979404984754
369,97545,B,92.47316453786524,103.92122563772125
370,99912,B,50.99789573411263,136.20072694850768
371,80316,B,45.743804479350096,81.02650067096798
372,12368,A,57.94539699358164,83.33364573981235
373,87575,B,17.614220495962677,151.74621140831724
374,16655,A,50.95935180366399,148.12680366614296
375,80031,B,49.92430645060649,139.00834621727495
376,86429,A,35.115301009458584,122.63906463158492
377,97922,B,63.1163650546725,48.26176706927555
378,65766,B,56.30982627668689,117.75372185380532
379,23403,B,28.463866387586744,133.62549501569515
380,42097,B,45.80205718211344,103.95800257321226
381,88657,B,12.175931922109129,98.62517421575288
382,20966,A,54.39903971200255,163.33261164461075
383,62921,B,59.749491276602356,118.19133025825164
384,59726,B,43.6007715924949,133.64385508927143
385,60300,B,63.6016906752469,143.22394384858094
386,32677,A,30.762520683177165,89.95688770484767
387,65609,B,41.002244610975104,125.79622268142582
388,66661,A,56.25785696573846,159.589334834319
389,41024,B,45.16999867555585,174.57669549899163
390,80313,B,54.56014565696333,121.19809191644072
391,63006,A,41.54526458860486,112.86169357958777
392,25338,B,49.33603265551224,128.070722044126
393,78027,A,44.49163676067511,127.30911141082564
394,90135,A,39.398648641727334,161.6027419839346
395,29508,B,60.036745715401864,90.10824932498798
396,13051,A,40.58107269869076,111.60380741501935
397,58747,B,55.735300706934034,86.48576019370469
398,97142,B,44.56902477938395,89.63715342607269
399,97235,A,26.985520604233123,131.29722045417373
400,64021,A,63.686528738887496,144.2957352491108
401,76412,A,57.492904776431125,100.51824918768764
402,68335,A,84.33023103196508,143.16284366925868
403,66179,B,39.84040740002612,153.34735971395904
404,42093,B,52.36559269001954,178.0411799530017
405,79678,A,48.07238778716291,122.09240546523147
406,90738,B,70.34054157423196,100.80706417667601
407,49734,B,47.893381588010875,89.92584205182315
408,82615,B,37.934372187362186,86.94620406240318
409,83523,B,73.61713962691503,157.4934210421082
410,27019,A,45.25024956108158,74.54713971133049
411,93613,A,63.17965264589064,156.53245456953601
412,96672,B,66.93297601188317,93.94676912243554
413,83847,A,49.551642891465505,99.44381406421783
414,92750,A,47.38529442447878,115.4533363497006
415,89634,A,44.12652790505293,98.89036351300466
416,38251,B,55.27210306845016,147.95939264878726
417,35945,B,68.44650339255946,174.40031855948325
418,42217,B,43.55339728410631,100.27703527340586
419,18308,A,51.632684453136804,107.0328648250612
420,15949,B,38.72052857701789,115.10037578148305
421,61990,B,40.58840650436711,136.23170290477913
422,11150,A,49.535915042665636,115.39547163132431
423,99480,B,26.09762987559252,161.61772233157788
424,84740,B,86.40837924924078,154.3987174968578
425,76617,A,32.104100676346455,84.436129392147
426,26896,A,49.398672310151696,135.62904496724485
427,56175,A,67.52326582725297,165.61017711928508
428,17805,B,42.55641991874252,105.1565716269935
429,15237,B,20.95954515682925,111.17205384619331
430,30056,B,48.825813598129926,104.15889006441134
431,55543,A,36.877694298858216,104.78773153429484
432,66556,A,15.854397371119965,69.94645344266857
433,13343,B,59.77334838858298,80.15055145604848
434,23500,B,58.606407933494275,122.3242115621169
435,63222,A,67.13489681807528,165.40793923958336
436,39375,A,33.18766451719419,101.5991756244515
437,19662,A,26.012952703294808,100.71728091154326
438,26964,A,43.89915375430124,171.04563211262203
439,69638,B,54.17486011486358,86.7522761455204
440,83666,A,63.82024404479745,70.16270511880734
441,95067,B,76.65852007507738,95.14453691587501
442,77215,B,73.71718700861021,100.11646563616901
443,79042,B,59.64815500339,67.57640745914804
444,23284,A,61.99248880256222,116.15874881176165
445,82789,A,40.39259847846223,148.45339049584607
446,94664,A,52.525927887128695,81.42135678855522
447,71389,A,32.13064791068291,122.62734656860768
448,19435,B,56.440280953303095,131.87807026880319
449,64340,A,51.32970046097019,117.49847174177121
450,54078,A,75.83192908527455,125.57077769223179
451,88832,B,52.0652570776463,125.91981787785633
452,61293,A,51.350642564799294,95.61816129244704
453,88781,B,59.05442123568064,164.95747716035604
454,70403,B,48.6776952616732,157.43270502228646
455,39124,B,43.46260900182529,155.69734191723504
456,53919,B,74.98216987270578,150.4102722163159
457,45247,B,40.786238355595536,72.75061591700928
458,72752,B,35.581228924690905,147.78187133435898
459,66573,B,65.7039806894322,139.66804282648525
460,69101,B,72.86722263036015,73.9042915516865
461,36646,A,43.228855135990415,113.55268934549765
462,33049,A,43.45919768525181,128.30380347975864
463,89605,A,54.2381528916019,169.92951294373904
464,78385,A,39.382209848852256,141.74171573682776
465,50158,B,43.77431219082047,94.06302818165095
466,75417,A,63.19388881979549,170.8616537535589
467,33289,B,64.60696651175428,121.31339288141668
468,19823,A,69.66738329477158,112.32476589290725
469,70160,A,31.211164814517566,110.18645410233563
470,51975,A,42.46306269634075,71.293342859306
471,19540,B,59.71769343404179,116.70691488551573
472,26364,A,36.11568725338451,134.92455771916974
473,14611,B,65.12531155731975,108.43850017424353
474,37663,B,73.86940630839499,132.61357431742675
475,61991,A,41.24963041658978,94.06826787257458
476,67679,A,50.5788791034055,115.7721625716714
477,40977,A,71.83428035121675,129.49620979825895
478,59115,B,82.48907362528499,125.68982631190262
479,98223,A,61.18701876590606,71.83604730842862
480,70890,B,64.40143759790413,106.82982147386315
481,76387,B,42.69395197972632,170.3238879093782
482,28071,A,55.38814100686761,105.22661777008446
483,69275,A,58.352312611624974,120.47422632335518
484,82369,B,52.344447621584315,117.39732748353167
485,21938,B,46.578356181665065,167.04719276758954
486,45195,B,36.280534897847176,158.71104366584012
487,14000,A,23.934053674230615,144.2259299945643
488,80588,B,26.281747300182555,90.80273059882398
489,48304,A,58.691638593008925,130.7754914757624
490,79449,B,57.715489878401655,137.03825229225396
491,92986,B,48.24283302688355,99.04185493211837
492,99643,A,45.02815553413042,93.88448682456934
493,30764,B,58.65705812295727,171.1504244162109
494,96027,A,47.531553934871084,110.97590063349213
495,48494,A,29.891702299942576,168.44930456733445
496,13373,B,69.1950033041145,149.91281266483603
497,22161,A,54.56189256004714,132.23630347125965
498,37350,A,53.98847719720772,133.57594309078453
499,35351,B,68.06344055037559,77.98741319007698
500,98668,A,37.795319659104884,126.20324339503249
501,25305,A,68.20597156588764,162.5106123894488
502,85353,A,47.89935722086643,140.44018509556827
503,86797,B,68.82898320496312,124.6301006119323
504,75953,A,61.016735502314816,171.3581158745109
505,67458,B,39.91797257996166,114.44877832017588
506,30358,B,63.04350607371204,101.41332974934947
507,13267,A,54.89412006270028,124.6149574823477
508,92745,A,50.45467486241513,142.99402104334789
509,99588,A,48.58442374946928,68.46617712575218
510,48513,B,54.21160125423312,128.54605930471251
511,36092,A,62.19034138465993,144.3103504660893
512,21338,A,58.66865770687265,111.91075124109418
513,10412,A,50.45718275398497,153.20894298907925
514,17543,A,27.62095780292938,139.2355998723321
515,43496,A,57.416651211254276,184.2414935553323
516,70692,B,66.35420428766669,97.48191307256354
517,99084,B,90.00615128170455,144.92129551488267
518,54425,A,66.13149594657557,89.48028276607786
519,48756,A,21.512354181267987,71.53900646169822
520,28888,A,51.17644098527964,58.934074715463815
521,45735,A,77.17062542997472,136.1497206719078
522,57295,B,64.85323285352456,125.52743741832307
523,93042,A,54.92978240559813,105.62846827914738
524,95999,B,69.00342988372853,66.79486998151161
525,27955,B,46.164327075137955,99.28840121583971
526,47841,A,57.17134994941184,120.12279023026369
527,80640,B,51.74297941512134,143.79508100379294
528,75510,B,55.20564771284288,119.50392749257124
529,44911,B,67.9268177354266,127.56181028115833
530,69031,B,41.59930346261728,108.71602857077593
531,98726,A,69.31973710702907,172.47672607581464
532,17357,A,43.65782058371685,89.45251067015316
533,42479,B,59.40994249725611,99.02285348144616
534,71476,A,28.992380595875854,105.22925778019462
535,54811,A,60.79755936307086,136.28113193930173
536,46208,A,71.69755903919867,88.83420630639358
537,30150,A,42.280376761727794,124.07155771643995
538,81180,A,33.346649202356005,124.94730430279672
539,53286,B,59.66974597114063,99.1692608779986
540,78450,A,71.82215967487613,129.8993838287057
541,31352,A,28.252151517786412,89.76558303787706
542,65069,A,33.40537728157487,86.48777572614762
543,24397,A,43.18715662532726,122.98817269564321
544,51555,B,43.19484263203957,70.20733243565812
545,56959,B,43.242218000865066,55.65591892349286
546,10728,B,24.088190585043343,135.984999023904
547,60517,B,64.33585421108802,151.4690982777351
548,76234,A,55.08080754304453,105.99590643922413
549,49954,B,30.01726200294532,99.95788043706688
550,57280,A,71.8579363993437,150.16605677923678
551,89459,A,75.2163847239573,85.6338534600324
552,26779,A,38.736416753298286,79.09882125836525
553,73932,A,67.49822886465509,141.22909271125462
554,82936,A,41.405032925135814,120.27114559536922
555,34466,B,58.21674765316591,151.94630217870713
556,46939,B,42.96356797468637,55.79202363666063
557,79896,B,88.71377285193414,77.9797802664431
558,45270,B,51.05974159005153,120.4299617953247
559,69163,A,51.89673534235193,132.5302109545136
560,92637,B,45.18093918804259,145.40991263068375
561,61934,A,77.91973395854592,125.24453306426334
562,74895,B,83.79921969134115,124.93965466075707
563,42307,A,74.46393771894411,108.31795370909404
564,64098,A,64.34660522521433,167.72714714713553
565,70921,B,46.12815679598921,86.90929633588507
566,15486,A,62.41775143943627,130.77060457667818
567,18335,A,49.89435801612897,90.3657349623594
568,96900,B,75.18612932613948,136.04335637415028
569,99112,A,66.73853080048042,88.889472918367
570,21130,B,45.76101632886113,142.31447095501375
571,97508,B,69.71738704255824,123.36314840473551
572,70566,B,65.7305167506589,172.33917519776043
573,76703,A,8.396557056298278,111.56941058185242
574,37192,A,62.014049594441936,132.74898348742636
575,11062,A,43.52306317039691,96.61031158617871
576,94076,B,42.2093631850249,111.36320980676116
577,99780,A,37.35109093559386,123.17248438333058
578,31545,B,53.47135656551953,74.18340232585878
579,31689,B,62.70089370130025,77.47128197445684
580,21174,A,29.518069667117295,137.99577899506934
581,98461,B,58.34771754318697,115.6173953540496
582,19348,A,58.65137099289608,102.21220400855934
583,33714,A,77.92708675504447,97.89041458749733
584,48102,A,33.84964746162305,99.0453361282892
585,84460,A,44.75581719833295,123.37652145024686
586,99930,A,53.92494459044718,133.3510759234857
587,16801,B,72.71113995287409,57.23678311124328
588,82267,B,50.93664178242279,162.38502170309675
589,58136,B,73.47962057986577,160.25102288825977
590,33625,A,20.939565252853104,50.08035709359302
591,92873,A,31.199777103171712,152.5778008896839
592,82592,A,55.22966516501331,151.65656553993128
593,87052,B,34.33763252868187,120.01336482562635
594,54261,A,32.38294209849925,81.0849413434537
595,11542,B,47.58334703631091,150.45684274995216
596,31677,B,67.07158487873735,112.76306801107945
597,56732,A,21.560527380390663,136.4663653145687
598,60343,A,52.554475432435915,186.57603815885335
599,49081,B,70.99445920729208,127.55510251870857
600,72856,A,47.07582187356562,92.49345924844314
601,98858,B,49.9675465561119,109.92807015240835
602,29065,A,56.026569238378606,96.31663919277037
603,93460,A,47.1183342091784,133.00469152345568
604,98092,B,76.3574967186112,95.81797323750585
605,64693,A,33.328804817983475,105.8144573295107
606,36962,B,54.72533767252373,81.467088767772
607,38295,A,53.085295624410264,116.0373898344257
608,23807,B,49.82318922230311,125.30264379906149
609,52348,B,12.430760055638082,39.45635858647523
610,36432,A,47.58642637926211,127.78720684440663
611,93285,B,69.002654803687,118.62899306709662
612,67854,A,61.67163779189026,97.05024153731618
613,50262,A,55.32167723255299,180.8588677280962
614,47080,A,33.532064624761645,148.75429582814263
615,11324,B,61.42964193687725,87.10792541545796
616,45909,B,46.898432676866435,145.14710638713422
617,99339,A,55.30224358923,157.33494228063174
618,29870,A,51.82257517102573,123.96062767852672
619,44578,B,40.854370930749425,130.84326110841977
620,82124,A,36.61316240964645,130.15040000764773
621,36790,A,55.325336816322746,57.42552423230134
622,35289,B,52.18330357067247,114.39391209448802
623,65129,A,37.39577854014306,112.83261474047914
624,25485,B,41.6575471540975,162.90466909679634
625,54482,A,45.442537280206764,130.0118359068562
626,96188,B,79.02157192077314,111.07167113649916
627,14748,A,42.10882951682062,117.29625777026966
628,96769,A,49.78970692613617,150.70156744882203
629,19435,B,57.02466431534265,114.46246010264053
630,13709,A,33.03460412762085,99.05413400725172
631,40355,B,29.05751274235957,111.72893421237401
632,65771,A,34.600388978964034,148.22088431468046
633,67799,B,59.20616066709455,134.8849471679381
634,23116,B,56.80996586873114,121.32803920047341
635,35470,B,66.03609853726599,125.7461789833449
636,52344,B,56.95124842438675,103.20772579213553
637,52918,A,48.35676062796195,114.1815179867204
638,62224,A,40.93981587612309,100.10087034676448
639,49298,B,68.76910184794039,111.1566214710077
640,90219,B,41.712297919189254,160.38534790879874
641,71629,B,38.84400724055969,87.6638456586843
642,76040,A,58.50583276082155,99.33847000731255
643,38016,A,30.002640340195175,82.37103411192744
644,33960,A,86.22186497987947,75.87273728437205
645,43591,A,51.19990070838715,114.39684257414126
646,92848,B,60.71859174487328,101.4717245459764
647,77641,B,43.3737026321492,172.85066792376577
648,46395,B,50.771027336376804,111.5146036146662
649,32700,A,43.59864324676469,158.68190590290072
650,44620,A,41.87247518497038,149.040194248219
651,30559,A,59.494426272647395,113.73137534327958
652,71642,B,48.75635942662078,183.3040674625687
653,86539,B,70.76251843626272,128.05601959394426
654,31732,A,89.94773525179735,165.39027798011966
655,40354,B,51.066881397801765,161.8979067474379
656,23843,A,52.28473270364936,132.43943955314347
657,81726,A,55.69223085748261,142.53392543417553
658,27640,B,82.67257218890275,138.72214245358427
659,62528,A,48.76028322442717,85.67215705824876
660,48413,B,43.064746205124564,121.71871063359049
661,62638,A,31.004892415614435,152.2274170183398
662,62736,B,54.63024078851649,165.78558952084984
663,78866,B,48.77429671419176,98.38080984504151
664,29087,B,85.65013933950002,135.8649390543906
665,51430,A,76.5479363101545,124.52610639832604
666,34504,A,34.48440758114603,116.46377806255214
667,17114,B,44.83859844676232,130.6800788767508
668,88859,B,56.60655161830329,126.53992231998411
669,20975,A,70.95839633838145,136.24222706617763
670,21023,A,50.85519704556577,163.25150282850157
671,31447,A,40.291390430179305,143.523827725941
672,33959,B,54.61677285145913,129.31773776618107
673,76203,A,40.5727270415593,175.93875170469238
674,39703,A,59.03715814159223,153.29788787641007
675,19337,B,44.864494325029426,117.22804684189956
676,56427,A,42.343459213595494,83.48638792941284
677,71529,A,67.42900720184144,90.36507957238604
678,94665,A,38.47452579028892,147.996973449469
679,41921,B,33.80807951159757,101.09062562241056
680,43307,B,56.92490627034457,89.75833568664156
681,37355,B,50.092898936931064,97.257440199384
682,14835,B,63.171232513949306,99.378470637279
683,30159,B,60.262079020966354,145.51943003346753
684,57605,B,55.02122258034957,115.29773772653172
685,48088,B,54.58434861795006,78.82876199101783
686,88752,A,38.962123260157476,120.9313469328707
687,65284,A,51.25020606489864,126.66798397344725
688,67043,B,68.71927172149154,105.61989415677445
689,45547,A,35.398298879007854,154.676552525781
690,92844,A,49.91903935457698,107.37183342923146
691,37532,B,71.07583133601918,153.25013059911453
692,44349,A,57.581361398250486,137.90348339024928
693,55445,A,69.6420934452607,147.7981652413322
694,15713,A,41.47786505248498,87.04347477580816
695,66178,A,22.53847327407701,122.94930576714307
696,59407,A,53.009777059335306,118.41515986275692
697,80340,B,60.93856222539728,77.339804252774
698,60990,B,76.02632931709013,153.15182189408728
699,85672,B,73.32218602060476,95.47797309277951
700,75545,A,58.05115434518692,101.71296513492052
701,94791,B,66.9808532125565,89.60052493206823
702,68141,A,47.12267812690041,141.0355897821112
703,33793,A,31.71328083021175,74.22210843682213
704,66570,A,51.76581826071365,138.53624401393705
705,47892,A,64.73860195441665,151.33541958730382
706,11015,B,65.34541304742822,136.1153528287728
707,71813,B,68.00711008739047,141.37885451539287
708,37712,A,43.58366469429872,142.78639408734128
709,18415,B,51.516797429723646,91.51727019822707
710,72292,A,57.25138232171905,163.04204938993033
711,33833,B,47.302389082368684,106.19771237599504
712,14158,B,47.764243951004964,118.00837147230084
713,72680,A,54.469733545661775,110.02088044947124
714,30309,B,66.91357114735362,134.7462636263193
715,16970,A,47.007069900058866,103.85888270587733
716,82474,B,38.05215808419542,122.00747172712106
717,96704,A,38.96294127435755,82.93968548561986
718,56540,A,53.055081273396475,154.93995625504715
719,30384,B,58.37281445798947,140.1222283785061
720,28017,B,59.11857206483022,111.23220714294692
721,85880,A,57.81942935893635,105.92552909922568
722,18702,B,55.58715837813675,139.3388473895309
723,10384,B,59.475840672604676,98.78119858092114
724,10404,A,49.324597657567,123.76095947295507
725,50943,A,67.23100224394159,154.8419636229422
726,57926,B,76.98513046826253,95.66228642588422
727,39189,A,32.16483076429948,131.0580248736061
728,22763,A,46.1712208684662,129.47175800806477
729,28384,A,50.49086737311061,117.07989544011951
730,70100,B,51.49627931978519,104.8863124768819
731,19860,B,82.3938388699631,156.44391170683156
732,90642,A,53.35932917134602,102.07294092699101
733,60612,B,43.41942259424484,65.6388329661114
734,33574,A,58.946635093410066,139.21600774893102
735,33524,B,59.56461808269289,83.96089950696498
736,79172,A,54.56289379330133,140.75643434565262
737,20916,A,77.11814238198785,160.04709743530333
738,14809,B,60.76177763632214,138.89249635196023
739,42201,A,45.44507714189006,152.14233905662473
740,63330,B,26.170853605348483,180.6014732078894
741,23456,B,53.01901472784732,149.0028138782684
742,66397,A,69.58954875990783,129.9172017787631
743,48765,A,48.63246320665719,169.01844550570945
744,44816,B,21.89925152220745,172.64326634539754
745,55106,A,42.5245641171133,173.06315349778262
746,63932,A,64.89032808369188,105.23569454411992
747,27100,A,58.18725761843022,79.37944924504788
748,67091,A,37.40178655233897,103.40423449695339
749,31949,A,41.52072835401377,141.10924847379525
750,80080,B,49.33937011346375,124.77476835996318
751,47744,B,45.559293422056044,113.80557044469458
752,55543,A,19.554891983906266,136.81444196414807
753,46187,A,61.45386650929784,75.87584754980199
754,17239,A,68.85589935033639,124.23507896074624
755,24489,B,32.723265840528896,153.5537293454363
756,68017,A,68.65779398879472,136.47946933674686
757,71877,B,53.95465197904176,140.75429465501185
758,53125,B,73.87698522251812,167.92118369857545
759,59922,B,56.06925654435669,118.01570145378999
760,42049,A,52.03316888237945,100.4072501594899
761,47131,B,61.08651970473319,155.68545127995125
762,52944,A,38.14900512297083,155.13361893101782
763,83963,B,73.42011216492033,136.7487502426739
764,34285,A,33.17929042887823,115.18886998252655
765,47626,B,49.46899883224994,120.04138953023956
766,52808,A,57.86397016464753,81.6968114360674
767,98464,B,47.86207139271804,153.3883959062161
768,63871,A,61.66296861222416,152.32953928587432
769,29198,A,70.63799259775934,80.64951748599648
770,29758,A,65.18819001580755,146.02896251718408
771,25254,A,20.958270294820675,132.12304965027025
772,54238,B,57.38770454429036,89.34077668827612
773,11252,B,70.93023916044588,83.81999396782592
774,49764,A,30.248767297669147,131.20479808205167
775,87709,B,66.35415880843313,108.06887658279246
776,47441,A,60.01191172458968,174.5984655164901
777,63682,A,31.818651620926023,148.57795183946718
778,69494,B,68.01348998610241,134.21079410196683
779,91317,A,54.090466902949025,135.69237012007184
780,75215,A,59.75572683081903,159.92601541101502
781,88587,B,41.00531421352301,145.39554275182013
782,16949,A,52.25204174557077,134.99299315488068
783,65393,A,24.426821688015146,90.5921647110747
784,83553,A,15.845131887004236,211.85840896218656
785,16941,A,52.112426397916245,86.904517280753
786,35934,B,72.00896410141965,110.62371788699507
787,33386,B,59.2940522139762,70.35815170770007
788,71886,B,54.548309040837815,136.16394476307786
789,85745,A,47.1869881991769,124.53331311854423
790,93251,A,35.86151912835402,142.9582931509428
791,63413,B,52.172086443070405,67.82803106686698
792,66800,A,56.32526702396667,153.38717002142795
793,52318,A,43.47166650799058,95.77693795591156
794,80173,A,61.25880280753665,115.52984401908404
795,80390,A,52.93962550796904,147.94713806043194
796,62329,B,60.2546912666011,127.83800052395698
797,53088,B,68.8299413032644,129.9582767000059
798,49811,B,47.598668510175145,143.97536459716198
799,65479,A,59.890708792804276,132.86371919816173
800,95392,B,49.70284924122039,109.76676292353848
801,97369,B,60.5927172572826,115.00592615294313
802,29963,A,40.313429740451475,126.35636035955469
803,65123,A,36.339442654029014,93.13331719360995
804,83477,B,56.87797118472741,149.8802597816601
805,24388,B,27.22199921968324,128.65961792422453
806,15569,B,51.05598834736677,122.24328803765906
807,79836,B,31.404344915862293,155.7748967709441
808,46586,A,61.68851051470412,116.3965907036589
809,22015,B,71.2516589416337,114.52737008542749
810,55002,B,42.54073167868791,105.46113707988107
811,16254,A,56.424694437102445,130.29201026777807
812,27144,B,68.98703570531238,129.25350324994545
813,34214,A,63.53703833752675,100.0114739847028
814,90719,A,53.216762509574615,114.669180686598
815,81774,A,61.01457013342245,100.21193194442301
816,16090,B,45.76003032119409,98.8539463855353
817,21637,B,56.7468369848502,68.1030650481946
818,32415,A,42.99344889813836,113.07269238955334
819,34071,B,44.493180393219546,68.93360201759967
820,68243,B,56.04095087204441,106.11552940981467
821,51240,A,55.212955642371114,101.61916062367175
822,93807,A,67.4526315193248,151.55685171796813
823,43434,B,59.47733290948331,89.55195581071075
824,79724,A,59.62895802442327,97.16440845556573
825,85697,B,65.29924759874307,108.55427582425283
826,38732,B,95.8130154854544,102.59569045491672
827,21314,B,28.349513950911312,161.07764392265628
828,33954,B,45.180991997442334,85.84297880851142
829,67108,A,72.1108407873212,108.61786503042474
830,97044,A,44.71980387719789,129.9619574749322
831,97505,A,63.28704706402579,146.4355002912602
832,46668,A,53.45014285644255,108.5927533220939
833,33061,B,87.07803601812016,62.45701198488623
834,89252,B,38.80418359404432,115.49687335243486
835,49749,A,68.32700828778219,160.56085428542144
836,26907,B,81.74371957908748,128.4656222229128
837,28777,B,40.283716842480004,127.09253587079797
838,61745,B,67.2430536537202,88.1094602526901
839,91818,A,35.51753021256417,85.02985229134006
840,33624,A,50.452423588026875,120.54124945902298
841,33321,A,46.15118104726739,77.20863233155777
842,20488,B,19.45869097650469,143.44086667087532
843,32574,A,56.36351389567848,94.60061253400913
844,15240,A,52.150087514093464,119.26028157805519
845,53221,A,72.18618460108641,63.42699243737274
846,20478,A,59.16715481974314,108.1859439466948
847,65645,A,84.36325886118144,84.4241835860939
848,29262,A,51.605635731180705,50.34130747974568
849,62796,B,53.91704921996539,136.25526268008952
850,14432,B,52.734650239243564,169.2347861727472
851,74291,A,43.4061693345234,153.88420768031838
852,89104,A,16.883736254261464,140.45072069711415
853,69399,B,52.19708059488064,107.57636496163363
854,89714,B,24.482179103460115,144.17670685643478
855,60428,A,56.78050016878653,156.71559595721183
856,97731,A,31.399095612941235,124.1046548901388
857,10302,A,36.585010653673706,84.46919483063931
858,92558,A,39.95884707751172,105.01847104225887
859,10055,B,52.42597443280132,171.0808946504381
860,18717,A,50.103023824085554,117.757674955495
861,38699,A,66.26719374609607,20.257328402667113
862,83686,A,41.33704859738669,75.9322960898942
863,77661,A,57.20219204333554,107.26653890572555
864,54247,B,96.4630084983535,151.07475715252704
865,26748,B,61.160260541448444,111.80632942779265
866,14621,B,52.792653166025495,151.6329496491978
867,25034,A,38.31272522107554,104.21512939357532
868,15126,A,47.08502681869507,61.07122433293161
869,15122,B,42.20669484585891,105.25316524205746
870,28030,A,54.02992140025659,130.34835004638856
871,92838,A,51.5531620795909,127.8585104802394
872,94717,B,23.0667116862331,82.34676752230092
873,65658,B,55.221629913508984,109.46411394588704
874,48638,B,71.64219468960019,200.5402271419222
875,77067,B,49.51332221695875,83.0019352110937
876,98869,A,40.20654841382657,139.82170183391247
877,44674,A,29.334488403247214,57.099729042906134
878,45854,B,27.63011937563393,145.91375473708985
879,56271,A,62.47023900594881,93.2302382943466
880,83688,B,52.77782505631206,132.0626477460882
881,48518,B,67.08032343005135,81.25423194695395
882,20267,A,72.96985616869203,128.72558400530122
883,11062,B,69.31871527365519,92.74049112775685
884,60448,A,41.864415178418064,98.54855451100124
885,16229,A,52.17301496986333,133.25958019185092
886,66793,A,40.77840702264623,107.08843570808952
887,57915,A,39.37567306097505,131.41144344648933
888,14632,B,60.642227436039356,114.27476044069948
889,13596,A,37.51559175322741,122.02481043741825
890,16168,B,22.362725713669484,133.35259414060204
891,17561,B,42.17778156408935,109.49944636226577
892,83794,B,50.89678276968941,90.11850641994678
893,92152,B,78.32097746747883,104.0306320221063
894,36734,A,42.63593825192952,155.85417539500307
895,16371,A,57.678861365439126,123.48519252229649
896,36069,B,52.97537649056896,94.65304639768578
897,89905,B,73.89607715805576,132.04681825163155
898,22910,A,67.35644578195938,134.04946754817414
899,83479,B,73.1426265785988,135.59997227393433
900,87735,A,23.99024705873971,90.66488398886143
901,91264,B,58.600860708674915,99.52827017142315
902,33275,A,61.384079001829214,99.69512350838966
903,82274,B,61.22307843883996,109.18056263801425
904,91449,B,65.04894488732744,136.16757555431204
905,70004,A,50.87526506428216,128.8855441419304
906,72981,B,44.328236899102095,131.25650871471487
907,94659,B,30.04353922520622,160.6205742711457
908,64553,A,40.31645857027287,140.66672797474888
909,58447,B,95.6716481045759,115.74595125011737
910,44529,A,42.715232358639916,84.483444718425
911,85703,A,20.60914660863884,98.56358974587388
912,86090,B,66.48974041093624,112.14884796965319
913,27260,B,68.33190013023967,144.87389482008342
914,13812,B,74.8098658522821,119.1800419768172
915,38024,B,62.564677555601705,100.3141213533467
916,68656,B,68.18402271700427,98.01321342818322
917,37285,B,83.10325702262986,117.91265373236321
918,11605,B,44.31789761906827,146.699626866513
919,81158,A,35.84223941864424,167.73057917325352
920,82303,B,39.08120190670607,113.82694205910997
921,37139,A,46.013456202590255,118.65770457712206
922,87149,B,77.00133629737752,83.5817488152785
923,66138,B,63.421025516193524,178.17577707298398
924,86125,A,57.33037929063827,77.96991485531748
925,23918,B,28.210381070029147,155.1498693534165
926,95655,B,45.10219759145371,109.03992140962588
927,37446,A,22.465135507069448,102.01900518479043
928,23046,B,73.06868683982316,86.69989284342219
929,34818,B,79.284697393286,192.301459482214
930,14324,B,67.19350090860573,126.64474869835183
931,86323,A,35.19820931390683,120.6384131131219
932,19111,B,77.73033740423686,146.6019707866363
933,48110,B,51.701176349621846,100.4750182311011
934,26389,B,37.283110788710076,120.05537865693017
935,51427,B,41.03393618082461,121.69008860436362
936,89579,A,43.54765046612245,104.635628029556
937,38746,A,50.7436778072706,155.98914237557742
938,97886,B,53.0798368252231,113.44036765512287
939,10117,B,34.309973727434596,73.40603839893512
940,94471,A,68.19974613778463,110.95507909437379
941,23234,A,47.74091120844735,127.47536015141692
942,63441,B,44.793692155940235,93.19520298337176
943,10846,A,66.65453542974146,95.56215620488683
944,20954,B,37.748907176002035,103.61222885621878
945,89239,A,25.56664724638228,156.63706980200882
946,56514,A,69.08731169898108,105.38525932062882
947,98236,A,78.37081774325509,162.87351055653093
948,16469,A,43.068559720229025,101.55148685554992
949,40105,B,54.810449881242825,129.75042408769625
950,52101,A,32.80002928218644,106.61271977340746
951,74323,A,50.0823882536509,142.62249510871416
952,68067,B,48.36442104403205,86.45177536304162
953,59376,A,48.46807339947501,142.28578438731694
954,55587,A,56.13887581395864,123.41608200929052
955,46976,B,39.0278178295373,100.80024549667652
956,77584,A,44.57282991151149,115.01335545869549
957,88477,B,28.443278673327328,166.01564823096524
958,52533,B,50.17519073830068,124.1353351464235
959,11828,B,54.098488936245005,98.91815952262084
960,11917,B,58.934736375916174,83.85920151515663
961,30618,A,53.59364810544813,135.16212820292992
962,42254,B,69.05884126105283,125.87535741032056
963,57362,A,26.9050022109002,140.8506208526467
964,30128,A,27.705844550745592,76.13325780930472
965,69383,A,57.934369045887806,84.832186413255
966,75545,A,19.41558084491876,154.406375977557
967,92180,A,52.749503181574894,129.94024940338022
968,97958,A,32.29560590615159,136.00202553712685
969,19865,A,73.59221961375772,91.1193890367614
970,12219,A,53.75678611591666,90.57038405013245
971,49809,A,46.71265970430407,149.73775974576267
972,15287,A,68.41581315708768,151.15132964295447
973,44387,B,39.54896990143574,87.35041538912839
974,18512,B,42.39885548868288,81.61888512441465
975,11342,B,36.578177495173364,116.74221087862668
976,73076,A,37.024411604765106,96.01954639871981
977,29216,B,56.41673414051082,95.39469362861924
978,89767,B,62.9092780799058,82.45865260717822
979,36614,B,69.92132528051314,105.946984551589
980,46258,A,22.629139296488916,85.35915772101401
981,52078,A,47.422055203050625,87.13797290972289
982,93524,A,33.37753203213798,128.95175539698914
983,22219,A,46.92069362767849,118.3440529713787
984,10235,B,90.5124537019056,134.54636044596396
985,52929,B,59.87792643000022,70.52899693952081
986,77444,B,68.99197456722368,120.29641829489289
987,18567,B,84.9103690824157,182.26912626497514
988,80792,A,66.91037364762137,108.83182547143203
989,75441,A,43.28128280469523,144.74247019716893
990,94555,A,30.862518701450927,144.4802054632327
991,83698,B,55.04783595718723,145.95595824003826
992,15415,A,41.48441323671972,124.99985061171968
993,46159,A,27.132180700712386,136.98257948232643
994,53925,B,59.11387495934203,140.97040860039016
995,15951,B,59.48829447089,139.06338084943073
996,97388,A,76.53675050394929,86.47745479459812
997,18007,A,44.57355396744779,68.7784655236804
998,51832,A,54.201820834541735,73.39249369755578
999,68596,A,40.01771877964677,111.89520022852008
1000,40523,A,63.097541460401985,137.81780203267934
